1.31,10.01,25.342148,1
1.32,10.02,24.907058,1
1.33,10.03,24.478764,1
1.34,10.04,24.057629,1
1.35,10.05,23.644035,1
1.36,10.06,23.238387,1
1.37,10.07,22.841106,1
1.38,10.08,22.452636,1
1.39,10.09,22.073444,1
1.4,10.1,21.704015,1
1.41,10.11,21.344857,1
1.42,10.12,20.996496,1
1.43,10.13,20.659478,1
1.44,10.14,20.334368,1
1.45,10.15,20.021745,1
1.46,10.16,19.722204,1
1.47,10.17,19.43635,1
1.48,10.18,19.164794,1
1.49,10.19,18.908153,1
1.5,10.2,18.667042,1
1.51,10.21,18.44207,1
1.52,10.22,18.233834,1
1.53,10.23,18.042915,1
1.54,10.24,17.869866,1
1.55,10.25,17.715213,1
1.56,10.26,17.579439,1
1.57,10.27,17.462986,1
1.58,10.28,17.366242,1
1.59,10.29,17.289539,1
1.6,10.3,17.233143,1
1.61,10.31,17.197254,1
1.62,10.32,17.182002,1
1.62,10.33,17.178018,0
1.62,10.34,17.174039,0
1.62,10.35,17.170064,0
1.62,10.36,17.166095,0
1.62,10.37,17.16213,0
1.62,10.38,17.15817,0
1.62,10.39,17.154216,0
1.62,10.4,17.150266,0
1.62,10.41,17.146321,0
1.62,10.42,17.142381,0
1.62,10.43,17.138446,0
1.62,10.44,17.134515,0
1.62,10.45,17.13059,0
1.62,10.46,17.12667,0
1.62,10.47,17.122755,0
1.62,10.48,17.118844,0
1.62,10.49,17.114939,0
1.62,10.5,17.111038,0
1.62,10.51,17.107143,0
1.62,10.52,17.103252,0
1.62,10.53,17.099367,0
1.62,10.54,17.095486,0
1.62,10.55,17.09161,0
1.62,10.56,17.08774,0
1.62,10.57,17.083874,0
1.62,10.58,17.080013,0
1.62,10.59,17.076157,0
1.62,10.6,17.072307,0
1.62,10.61,17.068461,0
1.62,10.62,17.06462,0
1.62,10.63,17.060784,0
1.62,10.64,17.056953,0
1.62,10.65,17.053128,0
1.62,10.66,17.049307,0
1.62,10.67,17.045491,0
1.62,10.68,17.04168,0
1.61,10.69,17.037813,7
1.61,10.7,17.033712,0
1.61,10.71,17.029615,0
1.61,10.72,17.025523,0
1.61,10.73,17.021437,0
1.61,10.74,17.017355,0
1.61,10.75,17.013278,0
1.61,10.76,17.009205,0
1.61,10.77,17.005138,0
1.61,10.78,17.001076,0
1.61,10.79,16.997018,0
1.61,10.8,16.992966,0
1.61,10.81,16.988918,0
1.61,10.82,16.984876,0
1.61,10.83,16.980838,0
1.61,10.84,16.976805,0
1.61,10.85,16.972777,0
1.61,10.86,16.968754,0
1.61,10.87,16.964736,0
1.61,10.88,16.960723,0
1.61,10.89,16.956715,0
1.61,10.9,16.952712,0
1.61,10.91,16.948714,0
1.61,10.92,16.944721,0
1.61,10.93,16.940732,0
1.61,10.94,16.936749,0
1.61,10.95,16.932771,0
1.61,10.96,16.928797,0
1.61,10.97,16.924829,0
1.61,10.98,16.920866,0
1.61,10.99,16.916907,0
1.61,11,16.912954,0
1.61,11.01,16.909005,0
1.61,11.02,16.905062,0
1.61,11.03,16.901123,0
1.61,11.04,16.89719,0
1.61,11.05,16.893262,0
1.61,11.06,16.889338,0
1.61,11.07,16.88542,0
1.61,11.08,16.881506,0
1.61,11.09,16.877598,0
1.61,11.1,16.873694,0
1.61,11.11,16.869796,0
1.61,11.12,16.865903,0
1.61,11.13,16.862014,0
1.61,11.14,16.858131,0
1.61,11.15,16.854253,0
1.61,11.16,16.85038,0
1.61,11.17,16.846512,0
1.61,11.18,16.842649,0
1.61,11.19,16.83879,0
1.61,11.2,16.834937,0
1.61,11.21,16.83109,0
1.61,11.22,16.827247,0
1.61,11.23,16.823409,0
1.61,11.24,16.819576,0
1.61,11.25,16.815749,0
1.61,11.26,16.811926,0
1.61,11.27,16.808108,0
1.61,11.28,16.804296,0
1.61,11.29,16.800489,0
1.61,11.3,16.796687,0
1.61,11.31,16.792889,0
1.61,11.32,16.789097,0
1.61,11.33,16.78531,0
1.61,11.34,16.781529,0
1.61,11.35,16.777752,0
1.61,11.36,16.77398,0
1.6,11.37,16.769968,7
1.6,11.38,16.765901,0
1.6,11.39,16.761839,0
1.6,11.4,16.757782,0
1.6,11.41,16.75373,0
1.6,11.42,16.749683,0
1.6,11.43,16.745641,0
1.6,11.44,16.741604,0
1.6,11.45,16.737571,0
1.6,11.46,16.733544,0
1.6,11.47,16.729522,0
1.6,11.48,16.725505,0
1.6,11.49,16.721493,0
1.6,11.5,16.717486,0
1.6,11.51,16.713484,0
1.6,11.52,16.709487,0
1.6,11.53,16.705495,0
1.6,11.54,16.701508,0
1.6,11.55,16.697527,0
1.6,11.56,16.69355,0
1.6,11.57,16.689578,0
1.6,11.58,16.685611,0
1.6,11.59,16.681649,0
1.6,11.6,16.677693,0
1.6,11.61,16.673741,0
1.6,11.62,16.669795,0
1.6,11.63,16.665853,0
1.6,11.64,16.661917,0
1.6,11.65,16.657986,0
1.6,11.66,16.654059,0
1.6,11.67,16.650138,0
1.6,11.68,16.646222,0
1.6,11.69,16.642311,0
1.6,11.7,16.638405,0
1.6,11.71,16.634505,0
1.6,11.72,16.630609,0
1.6,11.73,16.626718,0
1.6,11.74,16.622833,0
1.6,11.75,16.618952,0
1.6,11.76,16.615077,0
1.6,11.77,16.611207,0
1.6,11.78,16.607342,0
1.6,11.79,16.603482,0
1.6,11.8,16.599627,0
1.6,11.81,16.595778,0
1.6,11.82,16.591933,0
1.6,11.83,16.588094,0
1.6,11.84,16.58426,0
1.6,11.85,16.58043,0
1.6,11.86,16.576607,0
1.6,11.87,16.572788,0
1.6,11.88,16.568974,0
1.6,11.89,16.565166,0
1.6,11.9,16.561362,0
1.6,11.91,16.557564,0
1.6,11.92,16.553771,0
1.6,11.93,16.549983,0
1.6,11.94,16.546201,0
1.6,11.95,16.542423,0
1.6,11.96,16.538651,0
1.6,11.97,16.534884,0
1.6,11.98,16.531122,0
1.6,11.99,16.527365,0
1.6,12,16.523614,0
1.6,12.01,16.519868,0
1.6,12.02,16.516127,0
1.6,12.03,16.512391,0
1.59,12.04,16.508534,7
1.59,12.05,16.504498,0
1.59,12.06,16.500467,0
1.59,12.07,16.496442,0
1.59,12.08,16.492421,0
1.59,12.09,16.488406,0
1.59,12.1,16.484395,0
1.59,12.11,16.48039,0
1.59,12.12,16.476389,0
1.59,12.13,16.472394,0
1.59,12.14,16.468404,0
1.59,12.15,16.464419,0
1.59,12.16,16.460439,0
1.59,12.17,16.456464,0
1.59,12.18,16.452495,0
1.59,12.19,16.44853,0
1.59,12.2,16.444571,0
1.59,12.21,16.440617,0
1.59,12.22,16.436667,0
1.59,12.23,16.432723,0
1.59,12.24,16.428785,0
1.59,12.25,16.424851,0
1.59,12.26,16.420922,0
1.59,12.27,16.416999,0
1.59,12.28,16.413081,0
1.59,12.29,16.409168,0
1.59,12.3,16.40526,0
1.59,12.31,16.401357,0
1.59,12.32,16.397459,0
1.59,12.33,16.393567,0
1.59,12.34,16.38968,0
1.59,12.35,16.385797,0
1.59,12.36,16.381921,0
1.59,12.37,16.378049,0
1.59,12.38,16.374182,0
1.59,12.39,16.370321,0
1.59,12.4,16.366465,0
1.59,12.41,16.362614,0
1.59,12.42,16.358768,0
1.59,12.43,16.354928,0
1.59,12.44,16.351093,0
1.59,12.45,16.347262,0
1.59,12.46,16.343438,0
1.59,12.47,16.339618,0
1.59,12.48,16.335804,0
1.59,12.49,16.331994,0
1.59,12.5,16.328191,0
1.59,12.51,16.324392,0
1.59,12.52,16.320598,0
1.59,12.53,16.31681,0
1.59,12.54,16.313027,0
1.59,12.55,16.30925,0
1.59,12.56,16.305477,0
1.59,12.57,16.30171,0
1.59,12.58,16.297948,0
1.59,12.59,16.294191,0
1.59,12.6,16.29044,0
1.59,12.61,16.286694,0
1.59,12.62,16.282953,0
1.59,12.63,16.279218,0
1.59,12.64,16.275487,0
1.59,12.65,16.271762,0
1.59,12.66,16.268043,0
1.59,12.67,16.264328,0
1.59,12.68,16.260619,0
1.59,12.69,16.256916,0
1.59,12.7,16.253217,0
1.58,12.71,16.249522,7
1.58,12.72,16.245519,0
1.58,12.73,16.241521,0
1.58,12.74,16.237528,0
1.58,12.75,16.233541,0
1.58,12.76,16.229558,0
1.58,12.77,16.225581,0
1.58,12.78,16.221609,0
1.58,12.79,16.217642,0
1.58,12.8,16.21368,0
1.58,12.81,16.209724,0
1.58,12.82,16.205772,0
1.58,12.83,16.201826,0
1.58,12.84,16.197885,0
1.58,12.85,16.19395,0
1.58,12.86,16.190019,0
1.58,12.87,16.186094,0
1.58,12.88,16.182174,0
1.58,12.89,16.178259,0
1.58,12.9,16.17435,0
1.58,12.91,16.170446,0
1.58,12.92,16.166547,0
1.58,12.93,16.162653,0
1.58,12.94,16.158764,0
1.58,12.95,16.154881,0
1.58,12.96,16.151003,0
1.58,12.97,16.14713,0
1.58,12.98,16.143263,0
1.58,12.99,16.1394,0
1.58,13,16.135543,0
1.58,13.01,16.131692,0
1.58,13.02,16.127845,0
1.58,13.03,16.124004,0
1.58,13.04,16.120168,0
1.58,13.05,16.116338,0
1.58,13.06,16.112513,0
1.58,13.07,16.108693,0
1.58,13.08,16.104878,0
1.58,13.09,16.101069,0
1.58,13.1,16.097265,0
1.58,13.11,16.093466,0
1.58,13.12,16.089673,0
1.58,13.13,16.085885,0
1.58,13.14,16.082102,0
1.58,13.15,16.078324,0
1.58,13.16,16.074552,0
1.58,13.17,16.070786,0
1.58,13.18,16.067024,0
1.58,13.19,16.063268,0
1.58,13.2,16.059517,0
1.58,13.21,16.055772,0
1.58,13.22,16.052032,0
1.58,13.23,16.048297,0
1.58,13.24,16.044568,0
1.58,13.25,16.040844,0
1.58,13.26,16.037126,0
1.58,13.27,16.033413,0
1.58,13.28,16.029705,0
1.58,13.29,16.026002,0
1.58,13.3,16.022305,0
1.58,13.31,16.018614,0
1.58,13.32,16.014927,0
1.58,13.33,16.011247,0
1.58,13.34,16.007571,0
1.58,13.35,16.003901,0
1.58,13.36,16.000237,0
1.58,13.37,15.996577,0
1.58,13.38,15.992923,0
1.57,13.39,15.989081,7
1.57,13.4,15.985117,0
1.57,13.41,15.981159,0
1.57,13.42,15.977206,0
1.57,13.43,15.973258,0
1.57,13.44,15.969316,0
1.57,13.45,15.965379,0
1.57,13.46,15.961447,0
1.57,13.47,15.957521,0
1.57,13.48,15.9536,0
1.57,13.49,15.949684,0
1.57,13.5,15.945773,0
1.57,13.51,15.941868,0
1.57,13.52,15.937968,0
1.57,13.53,15.934073,0
1.57,13.54,15.930184,0
1.57,13.55,15.9263,0
1.57,13.56,15.922421,0
1.57,13.57,15.918548,0
1.57,13.58,15.91468,0
1.57,13.59,15.910818,0
1.57,13.6,15.90696,0
1.57,13.61,15.903108,0
1.57,13.62,15.899262,0
1.57,13.63,15.895421,0
1.57,13.64,15.891585,0
1.57,13.65,15.887754,0
1.57,13.66,15.883929,0
1.57,13.67,15.88011,0
1.57,13.68,15.876295,0
1.57,13.69,15.872486,0
1.57,13.7,15.868683,0
1.57,13.71,15.864885,0
1.57,13.72,15.861092,0
1.57,13.73,15.857304,0
1.57,13.74,15.853522,0
1.57,13.75,15.849746,0
1.57,13.76,15.845975,0
1.57,13.77,15.842209,0
1.57,13.78,15.838449,0
1.57,13.79,15.834694,0
1.57,13.8,15.830944,0
1.57,13.81,15.8272,0
1.57,13.82,15.823462,0
1.57,13.83,15.819729,0
1.57,13.84,15.816001,0
1.57,13.85,15.812278,0
1.57,13.86,15.808562,0
1.57,13.87,15.80485,0
1.57,13.88,15.801144,0
1.57,13.89,15.797444,0
1.57,13.9,15.793749,0
1.57,13.91,15.790059,0
1.57,13.92,15.786375,0
1.57,13.93,15.782697,0
1.57,13.94,15.779024,0
1.57,13.95,15.775356,0
1.57,13.96,15.771694,0
1.57,13.97,15.768037,0
1.57,13.98,15.764386,0
1.57,13.99,15.76074,0
1.57,14,15.7571,0
1.57,14.01,15.753466,0
1.57,14.02,15.749837,0
1.57,14.03,15.746213,0
1.57,14.04,15.742595,0
1.57,14.05,15.738982,0
1.56,14.06,15.735308,7
1.56,14.07,15.731381,0
1.56,14.08,15.727459,0
1.56,14.09,15.723542,0
1.56,14.1,15.719631,0
1.56,14.11,15.715726,0
1.56,14.12,15.711825,0
1.56,14.13,15.707931,0
1.56,14.14,15.704041,0
1.56,14.15,15.700157,0
1.56,14.16,15.696278,0
1.56,14.17,15.692405,0
1.56,14.18,15.688537,0
1.56,14.19,15.684675,0
1.56,14.2,15.680818,0
1.56,14.21,15.676966,0
1.56,14.22,15.67312,0
1.56,14.23,15.66928,0
1.56,14.24,15.665444,0
1.56,14.25,15.661615,0
1.56,14.26,15.65779,0
1.56,14.27,15.653971,0
1.56,14.28,15.650158,0
1.56,14.29,15.64635,0
1.56,14.3,15.642548,0
1.56,14.31,15.638751,0
1.56,14.32,15.634959,0
1.56,14.33,15.631173,0
1.56,14.34,15.627392,0
1.56,14.35,15.623617,0
1.56,14.36,15.619848,0
1.56,14.37,15.616084,0
1.56,14.38,15.612325,0
1.56,14.39,15.608572,0
1.56,14.4,15.604824,0
1.56,14.41,15.601082,0
1.56,14.42,15.597345,0
1.56,14.43,15.593614,0
1.56,14.44,15.589889,0
1.56,14.45,15.586169,0
1.56,14.46,15.582454,0
1.56,14.47,15.578745,0
1.56,14.48,15.575042,0
1.56,14.49,15.571344,0
1.56,14.5,15.567652,0
1.56,14.51,15.563965,0
1.56,14.52,15.560284,0
1.56,14.53,15.556608,0
1.56,14.54,15.552938,0
1.56,14.55,15.549273,0
1.56,14.56,15.545614,0
1.56,14.57,15.541961,0
1.56,14.58,15.538313,0
1.56,14.59,15.534671,0
1.56,14.6,15.531034,0
1.56,14.61,15.527403,0
1.56,14.62,15.523778,0
1.56,14.63,15.520158,0
1.56,14.64,15.516543,0
1.56,14.65,15.512935,0
1.56,14.66,15.509332,0
1.56,14.67,15.505734,0
1.56,14.68,15.502142,0
1.56,14.69,15.498556,0
1.56,14.7,15.494976,0
1.56,14.71,15.491401,0
1.56,14.72,15.487831,0
1.56,14.73,15.484267,0
1.55,14.74,15.480442,7
1.55,14.75,15.476559,0
1.55,14.76,15.472681,0
1.55,14.77,15.468808,0
1.55,14.78,15.464941,0
1.55,14.79,15.461079,0
1.55,14.8,15.457223,0
1.55,14.81,15.453373,0
1.55,14.82,15.449528,0
1.55,14.83,15.445688,0
1.55,14.84,15.441854,0
1.55,14.85,15.438026,0
1.55,14.86,15.434203,0
1.55,14.87,15.430386,0
1.55,14.88,15.426574,0
1.55,14.89,15.422767,0
1.55,14.9,15.418967,0
1.55,14.91,15.415172,0
1.55,14.92,15.411382,0
1.55,14.93,15.407598,0
1.55,14.94,15.403819,0
1.55,14.95,15.400046,0
1.55,14.96,15.396279,0
1.55,14.97,15.392517,0
1.55,14.98,15.388761,0
1.55,14.99,15.38501,0
1.55,15,15.381265,0
1.55,15.01,15.377526,0
1.55,15.02,15.373792,0
1.55,15.03,15.370063,0
1.55,15.04,15.366341,0
1.55,15.05,15.362624,0
1.55,15.06,15.358912,0
1.55,15.07,15.355206,0
1.55,15.08,15.351506,0
1.55,15.09,15.347811,0
1.55,15.1,15.344123,0
1.55,15.11,15.340439,0
1.55,15.12,15.336761,0
1.55,15.13,15.333089,0
1.55,15.14,15.329423,0
1.55,15.15,15.325762,0
1.55,15.16,15.322107,0
1.55,15.17,15.318458,0
1.55,15.18,15.314814,0
1.55,15.19,15.311176,0
1.55,15.2,15.307543,0
1.55,15.21,15.303916,0
1.55,15.22,15.300295,0
1.55,15.23,15.29668,0
1.55,15.24,15.29307,0
1.55,15.25,15.289466,0
1.55,15.26,15.285867,0
1.55,15.27,15.282275,0
1.55,15.28,15.278688,0
1.55,15.29,15.275106,0
1.55,15.3,15.271531,0
1.55,15.31,15.267961,0
1.55,15.32,15.264397,0
1.55,15.33,15.260838,0
1.55,15.34,15.257286,0
1.55,15.35,15.253739,0
1.55,15.36,15.250198,0
1.55,15.37,15.246662,0
1.55,15.38,15.243132,0
1.55,15.39,15.239608,0
1.55,15.4,15.23609,0
1.54,15.41,15.23244,7
1.54,15.42,15.228597,0
1.54,15.43,15.224759,0
1.54,15.44,15.220927,0
1.54,15.45,15.217101,0
1.54,15.46,15.21328,0
1.54,15.47,15.209465,0
1.54,15.48,15.205655,0
1.54,15.49,15.201851,0
1.54,15.5,15.198053,0
1.54,15.51,15.19426,0
1.54,15.52,15.190473,0
1.54,15.53,15.186692,0
1.54,15.54,15.182916,0
1.54,15.55,15.179146,0
1.54,15.56,15.175382,0
1.54,15.57,15.171623,0
1.54,15.58,15.16787,0
1.54,15.59,15.164122,0
1.54,15.6,15.16038,0
1.54,15.61,15.156644,0
1.54,15.62,15.152914,0
1.54,15.63,15.149189,0
1.54,15.64,15.14547,0
1.54,15.65,15.141757,0
1.54,15.66,15.138049,0
1.54,15.67,15.134347,0
1.54,15.68,15.130651,0
1.54,15.69,15.12696,0
1.54,15.7,15.123275,0
1.54,15.71,15.119596,0
1.54,15.72,15.115923,0
1.54,15.73,15.112255,0
1.54,15.74,15.108593,0
1.54,15.75,15.104937,0
1.54,15.76,15.101286,0
1.54,15.77,15.097641,0
1.54,15.78,15.094002,0
1.54,15.79,15.090369,0
1.54,15.8,15.086741,0
1.54,15.81,15.08312,0
1.54,15.82,15.079504,0
1.54,15.83,15.075893,0
1.54,15.84,15.072289,0
1.54,15.85,15.06869,0
1.54,15.86,15.065097,0
1.54,15.87,15.06151,0
1.54,15.88,15.057929,0
1.54,15.89,15.054353,0
1.54,15.9,15.050784,0
1.54,15.91,15.04722,0
1.54,15.92,15.043661,0
1.54,15.93,15.040109,0
1.54,15.94,15.036563,0
1.54,15.95,15.033022,0
1.54,15.96,15.029487,0
1.54,15.97,15.025958,0
1.54,15.98,15.022435,0
1.54,15.99,15.018917,0
1.54,16,15.015406,0
1.54,16.01,15.0119,0
1.54,16.02,15.0084,0
1.54,16.03,15.004906,0
1.54,16.04,15.001418,0
1.54,16.05,14.997935,0
1.54,16.06,14.994459,0
1.54,16.07,14.990988,0
1.53,16.08,14.98752,7
1.53,16.09,14.983719,0
1.53,16.1,14.979924,0
1.53,16.11,14.976135,0
1.53,16.12,14.972351,0
1.53,16.13,14.968573,0
1.53,16.14,14.964801,0
1.53,16.15,14.961035,0
1.53,16.16,14.957274,0
1.53,16.17,14.953519,0
1.53,16.18,14.94977,0
1.53,16.19,14.946026,0
1.53,16.2,14.942289,0
1.53,16.21,14.938557,0
1.53,16.22,14.93483,0
1.53,16.23,14.93111,0
1.53,16.24,14.927395,0
1.53,16.25,14.923686,0
1.53,16.26,14.919983,0
1.53,16.27,14.916286,0
1.53,16.28,14.912594,0
1.53,16.29,14.908909,0
1.53,16.3,14.905229,0
1.53,16.31,14.901555,0
1.53,16.32,14.897886,0
1.53,16.33,14.894224,0
1.53,16.34,14.890567,0
1.53,16.35,14.886916,0
1.53,16.36,14.883271,0
1.53,16.37,14.879632,0
1.53,16.38,14.875998,0
1.53,16.39,14.872371,0
1.53,16.4,14.868749,0
1.53,16.41,14.865133,0
1.53,16.42,14.861523,0
1.53,16.43,14.857919,0
1.53,16.44,14.854321,0
1.53,16.45,14.850728,0
1.53,16.46,14.847142,0
1.53,16.47,14.843561,0
1.53,16.48,14.839986,0
1.53,16.49,14.836417,0
1.53,16.5,14.832854,0
1.53,16.51,14.829297,0
1.53,16.52,14.825745,0
1.53,16.53,14.8222,0
1.53,16.54,14.81866,0
1.53,16.55,14.815127,0
1.53,16.56,14.811599,0
1.53,16.57,14.808077,0
1.53,16.58,14.804561,0
1.53,16.59,14.801051,0
1.53,16.6,14.797547,0
1.53,16.61,14.794049,0
1.53,16.62,14.790557,0
1.53,16.63,14.787071,0
1.53,16.64,14.783591,0
1.53,16.65,14.780116,0
1.53,16.66,14.776648,0
1.53,16.67,14.773185,0
1.53,16.68,14.769729,0
1.53,16.69,14.766278,0
1.53,16.7,14.762834,0
1.53,16.71,14.759395,0
1.53,16.72,14.755963,0
1.53,16.73,14.752536,0
1.53,16.74,14.749115,0
1.53,16.75,14.745701,0
1.52,16.76,14.74208,7
1.52,16.77,14.73833,0
1.52,16.78,14.734585,0
1.52,16.79,14.730847,0
1.52,16.8,14.727114,0
1.52,16.81,14.723387,0
1.52,16.82,14.719666,0
1.52,16.83,14.715951,0
1.52,16.84,14.712241,0
1.52,16.85,14.708538,0
1.52,16.86,14.70484,0
1.52,16.87,14.701148,0
1.52,16.88,14.697462,0
1.52,16.89,14.693782,0
1.52,16.9,14.690108,0
1.52,16.91,14.68644,0
1.52,16.92,14.682778,0
1.52,16.93,14.679121,0
1.52,16.94,14.67547,0
1.52,16.95,14.671826,0
1.52,16.96,14.668187,0
1.52,16.97,14.664554,0
1.52,16.98,14.660927,0
1.52,16.99,14.657306,0
1.52,17,14.653691,0
1.52,17.01,14.650082,0
1.52,17.02,14.646479,0
1.52,17.03,14.642882,0
1.52,17.04,14.63929,0
1.52,17.05,14.635705,0
1.52,17.06,14.632126,0
1.52,17.07,14.628552,0
1.52,17.08,14.624985,0
1.52,17.09,14.621423,0
1.52,17.1,14.617868,0
1.52,17.11,14.614318,0
1.52,17.12,14.610775,0
1.52,17.13,14.607237,0
1.52,17.14,14.603706,0
1.52,17.15,14.60018,0
1.52,17.16,14.59666,0
1.52,17.17,14.593147,0
1.52,17.18,14.589639,0
1.52,17.19,14.586138,0
1.52,17.2,14.582642,0
1.52,17.21,14.579153,0
1.52,17.22,14.575669,0
1.52,17.23,14.572192,0
1.52,17.24,14.56872,0
1.52,17.25,14.565255,0
1.52,17.26,14.561795,0
1.52,17.27,14.558342,0
1.52,17.28,14.554895,0
1.52,17.29,14.551454,0
1.52,17.3,14.548019,0
1.52,17.31,14.544589,0
1.52,17.32,14.541166,0
1.52,17.33,14.53775,0
1.52,17.34,14.534339,0
1.52,17.35,14.530934,0
1.52,17.36,14.527535,0
1.52,17.37,14.524143,0
1.52,17.38,14.520756,0
1.52,17.39,14.517376,0
1.52,17.4,14.514001,0
1.52,17.41,14.510633,0
1.52,17.42,14.507271,0
1.51,17.43,14.503841,7
1.51,17.44,14.500138,0
1.51,17.45,14.49644,0
1.51,17.46,14.492749,0
1.51,17.47,14.489064,0
1.51,17.48,14.485385,0
1.51,17.49,14.481711,0
1.51,17.5,14.478044,0
1.51,17.51,14.474382,0
1.51,17.52,14.470727,0
1.51,17.53,14.467077,0
1.51,17.54,14.463434,0
1.51,17.55,14.459796,0
1.51,17.56,14.456165,0
1.51,17.57,14.45254,0
1.51,17.58,14.44892,0
1.51,17.59,14.445307,0
1.51,17.6,14.441699,0
1.51,17.61,14.438098,0
1.51,17.62,14.434503,0
1.51,17.63,14.430913,0
1.51,17.64,14.42733,0
1.51,17.65,14.423753,0
1.51,17.66,14.420182,0
1.51,17.67,14.416616,0
1.51,17.68,14.413057,0
1.51,17.69,14.409504,0
1.51,17.7,14.405957,0
1.51,17.71,14.402416,0
1.51,17.72,14.398882,0
1.51,17.73,14.395353,0
1.51,17.74,14.39183,0
1.51,17.75,14.388314,0
1.51,17.76,14.384803,0
1.51,17.77,14.381299,0
1.51,17.78,14.377801,0
1.51,17.79,14.374308,0
1.51,17.8,14.370822,0
1.51,17.81,14.367342,0
1.51,17.82,14.363869,0
1.51,17.83,14.360401,0
1.51,17.84,14.356939,0
1.51,17.85,14.353484,0
1.51,17.86,14.350035,0
1.51,17.87,14.346591,0
1.51,17.88,14.343154,0
1.51,17.89,14.339724,0
1.51,17.9,14.336299,0
1.51,17.91,14.33288,0
1.51,17.92,14.329468,0
1.51,17.93,14.326062,0
1.51,17.94,14.322662,0
1.51,17.95,14.319268,0
1.51,17.96,14.31588,0
1.51,17.97,14.312499,0
1.51,17.98,14.309123,0
1.51,17.99,14.305754,0
1.51,18,14.302391,0
1.51,18.01,14.299034,0
1.51,18.02,14.295684,0
1.51,18.03,14.29234,0
1.51,18.04,14.289002,0
1.51,18.05,14.28567,0
1.51,18.06,14.282344,0
1.51,18.07,14.279025,0
1.51,18.08,14.275711,0
1.51,18.09,14.272405,0
1.51,18.1,14.269104,0
1.5,18.11,14.265518,7
1.5,18.12,14.261871,0
1.5,18.13,14.258229,0
1.5,18.14,14.254594,0
1.5,18.15,14.250965,0
1.5,18.16,14.247342,0
1.5,18.17,14.243725,0
1.5,18.18,14.240114,0
1.5,18.19,14.236509,0
1.5,18.2,14.23291,0
1.5,18.21,14.229317,0
1.5,18.22,14.225731,0
1.5,18.23,14.222151,0
1.5,18.24,14.218576,0
1.5,18.25,14.215008,0
1.5,18.26,14.211446,0
1.5,18.27,14.207891,0
1.5,18.28,14.204341,0
1.5,18.29,14.200797,0
1.5,18.3,14.19726,0
1.5,18.31,14.193729,0
1.5,18.32,14.190204,0
1.5,18.33,14.186685,0
1.5,18.34,14.183172,0
1.5,18.35,14.179666,0
1.5,18.36,14.176166,0
1.5,18.37,14.172672,0
1.5,18.38,14.169184,0
1.5,18.39,14.165702,0
1.5,18.4,14.162227,0
1.5,18.41,14.158757,0
1.5,18.42,14.155294,0
1.5,18.43,14.151837,0
1.5,18.44,14.148387,0
1.5,18.45,14.144942,0
1.5,18.46,14.141504,0
1.5,18.47,14.138072,0
1.5,18.48,14.134647,0
1.5,18.49,14.131227,0
1.5,18.5,14.127814,0
1.5,18.51,14.124407,0
1.5,18.52,14.121006,0
1.5,18.53,14.117612,0
1.5,18.54,14.114224,0
1.5,18.55,14.110842,0
1.5,18.56,14.107466,0
1.5,18.57,14.104097,0
1.5,18.58,14.100734,0
1.5,18.59,14.097377,0
1.5,18.6,14.094027,0
1.5,18.61,14.090683,0
1.5,18.62,14.087345,0
1.5,18.63,14.084013,0
1.5,18.64,14.080688,0
1.5,18.65,14.077369,0
1.5,18.66,14.074057,0
1.5,18.67,14.07075,0
1.5,18.68,14.067451,0
1.5,18.69,14.064157,0
1.5,18.7,14.06087,0
1.5,18.71,14.057589,0
1.5,18.72,14.054314,0
1.5,18.73,14.051046,0
1.5,18.74,14.047784,0
1.5,18.75,14.044529,0
1.5,18.76,14.04128,0
1.5,18.77,14.038037,0
1.49,18.78,14.034651,7
1.49,18.79,14.031055,0
1.49,18.8,14.027466,0
1.49,18.81,14.023884,0
1.49,18.82,14.020307,0
1.49,18.83,14.016737,0
1.49,18.84,14.013173,0
1.49,18.85,14.009615,0
1.49,18.86,14.006064,0
1.49,18.87,14.002518,0
1.49,18.88,13.998979,0
1.49,18.89,13.995446,0
1.49,18.9,13.99192,0
1.49,18.91,13.988399,0
1.49,18.92,13.984885,0
1.49,18.93,13.981378,0
1.49,18.94,13.977876,0
1.49,18.95,13.974381,0
1.49,18.96,13.970892,0
1.49,18.97,13.967409,0
1.49,18.98,13.963933,0
1.49,18.99,13.960463,0
1.49,19,13.956999,0
1.49,19.01,13.953542,0
1.49,19.02,13.95009,0
1.49,19.03,13.946646,0
1.49,19.04,13.943207,0
1.49,19.05,13.939775,0
1.49,19.06,13.936349,0
1.49,19.07,13.93293,0
1.49,19.08,13.929516,0
1.49,19.09,13.926109,0
1.49,19.1,13.922709,0
1.49,19.11,13.919315,0
1.49,19.12,13.915927,0
1.49,19.13,13.912546,0
1.49,19.14,13.909171,0
1.49,19.15,13.905802,0
1.49,19.16,13.90244,0
1.49,19.17,13.899084,0
1.49,19.18,13.895734,0
1.49,19.19,13.892391,0
1.49,19.2,13.889054,0
1.49,19.21,13.885724,0
1.49,19.22,13.8824,0
1.49,19.23,13.879082,0
1.49,19.24,13.875771,0
1.49,19.25,13.872467,0
1.49,19.26,13.869168,0
1.49,19.27,13.865876,0
1.49,19.28,13.862591,0
1.49,19.29,13.859312,0
1.49,19.3,13.85604,0
1.49,19.31,13.852773,0
1.49,19.32,13.849514,0
1.49,19.33,13.846261,0
1.49,19.34,13.843014,0
1.49,19.35,13.839774,0
1.49,19.36,13.83654,0
1.49,19.37,13.833312,0
1.49,19.38,13.830092,0
1.49,19.39,13.826877,0
1.49,19.4,13.823669,0
1.49,19.41,13.820468,0
1.49,19.42,13.817273,0
1.49,19.43,13.814085,0
1.49,19.44,13.810903,0
1.48,19.45,13.807723,7
1.48,19.46,13.804183,0
1.48,19.47,13.800649,0
1.48,19.48,13.797122,0
1.48,19.49,13.793601,0
1.48,19.5,13.790086,0
1.48,19.51,13.786578,0
1.48,19.52,13.783076,0
1.48,19.53,13.779581,0
1.48,19.54,13.776092,0
1.48,19.55,13.772609,0
1.48,19.56,13.769132,0
1.48,19.57,13.765662,0
1.48,19.58,13.762199,0
1.48,19.59,13.758742,0
1.48,19.6,13.755291,0
1.48,19.61,13.751846,0
1.48,19.62,13.748408,0
1.48,19.63,13.744977,0
1.48,19.64,13.741552,0
1.48,19.65,13.738133,0
1.48,19.66,13.734721,0
1.48,19.67,13.731315,0
1.48,19.68,13.727915,0
1.48,19.69,13.724522,0
1.48,19.7,13.721136,0
1.48,19.71,13.717756,0
1.48,19.72,13.714382,0
1.48,19.73,13.711015,0
1.48,19.74,13.707654,0
1.48,19.75,13.7043,0
1.48,19.76,13.700952,0
1.48,19.77,13.697611,0
1.48,19.78,13.694276,0
1.48,19.79,13.690948,0
1.48,19.8,13.687626,0
1.48,19.81,13.684311,0
1.48,19.82,13.681002,0
1.48,19.83,13.6777,0
1.48,19.84,13.674404,0
1.48,19.85,13.671115,0
1.48,19.86,13.667832,0
1.48,19.87,13.664556,0
1.48,19.88,13.661286,0
1.48,19.89,13.658023,0
1.48,19.9,13.654766,0
1.48,19.91,13.651516,0
1.48,19.92,13.648273,0
1.48,19.93,13.645036,0
1.48,19.94,13.641806,0
1.48,19.95,13.638582,0
1.48,19.96,13.635365,0
1.48,19.97,13.632154,0
1.48,19.98,13.62895,0
1.48,19.99,13.625753,0
1.48,20,13.622562,0
1.48,20.01,13.619377,0
1.48,20.02,13.6162,0
1.48,20.03,13.613029,0
1.48,20.04,13.609864,0
1.48,20.05,13.606706,0
1.48,20.06,13.603555,0
1.48,20.07,13.60041,0
1.48,20.08,13.597272,0
1.48,20.09,13.594141,0
1.48,20.1,13.591016,0
1.48,20.11,13.587898,0
1.48,20.12,13.584787,0
1.47,20.13,13.581451,7
1.47,20.14,13.577976,0
1.47,20.15,13.574507,0
1.47,20.16,13.571044,0
1.47,20.17,13.567588,0
1.47,20.18,13.564138,0
1.47,20.19,13.560695,0
1.47,20.2,13.557259,0
1.47,20.21,13.553829,0
1.47,20.22,13.550405,0
1.47,20.23,13.546988,0
1.47,20.24,13.543578,0
1.47,20.25,13.540174,0
1.47,20.26,13.536776,0
1.47,20.27,13.533385,0
1.47,20.28,13.530001,0
1.47,20.29,13.526623,0
1.47,20.3,13.523252,0
1.47,20.31,13.519887,0
1.47,20.32,13.516529,0
1.47,20.33,13.513178,0
1.47,20.34,13.509832,0
1.47,20.35,13.506494,0
1.47,20.36,13.503162,0
1.47,20.37,13.499837,0
1.47,20.38,13.496518,0
1.47,20.39,13.493206,0
1.47,20.4,13.489901,0
1.47,20.41,13.486602,0
1.47,20.42,13.48331,0
1.47,20.43,13.480024,0
1.47,20.44,13.476745,0
1.47,20.45,13.473472,0
1.47,20.46,13.470207,0
1.47,20.47,13.466947,0
1.47,20.48,13.463695,0
1.47,20.49,13.460449,0
1.47,20.5,13.45721,0
1.47,20.51,13.453977,0
1.47,20.52,13.450751,0
1.47,20.53,13.447532,0
1.47,20.54,13.44432,0
1.47,20.55,13.441114,0
1.47,20.56,13.437914,0
1.47,20.57,13.434722,0
1.47,20.58,13.431536,0
1.47,20.59,13.428357,0
1.47,20.6,13.425184,0
1.47,20.61,13.422019,0
1.47,20.62,13.41886,0
1.47,20.63,13.415707,0
1.47,20.64,13.412562,0
1.47,20.65,13.409423,0
1.47,20.66,13.40629,0
1.47,20.67,13.403165,0
1.47,20.68,13.400046,0
1.47,20.69,13.396934,0
1.47,20.7,13.393829,0
1.47,20.71,13.39073,0
1.47,20.72,13.387639,0
1.47,20.73,13.384554,0
1.47,20.74,13.381475,0
1.47,20.75,13.378404,0
1.47,20.76,13.375339,0
1.47,20.77,13.372281,0
1.47,20.78,13.36923,0
1.47,20.79,13.366186,0
1.46,20.8,13.363066,7
1.46,20.81,13.359652,0
1.46,20.82,13.356245,0
1.46,20.83,13.352844,0
1.46,20.84,13.349449,0
1.46,20.85,13.346061,0
1.46,20.86,13.34268,0
1.46,20.87,13.339306,0
1.46,20.88,13.335938,0
1.46,20.89,13.332577,0
1.46,20.9,13.329222,0
1.46,20.91,13.325874,0
1.46,20.92,13.322533,0
1.46,20.93,13.319198,0
1.46,20.94,13.31587,0
1.46,20.95,13.312549,0
1.46,20.96,13.309235,0
1.46,20.97,13.305927,0
1.46,20.98,13.302626,0
1.46,20.99,13.299331,0
1.46,21,13.296044,0
1.46,21.01,13.292763,0
1.46,21.02,13.289488,0
1.46,21.03,13.286221,0
1.46,21.04,13.28296,0
1.46,21.05,13.279706,0
1.46,21.06,13.276458,0
1.46,21.07,13.273218,0
1.46,21.08,13.269984,0
1.46,21.09,13.266757,0
1.46,21.1,13.263536,0
1.46,21.11,13.260322,0
1.46,21.12,13.257116,0
1.46,21.13,13.253915,0
1.46,21.14,13.250722,0
1.46,21.15,13.247536,0
1.46,21.16,13.244356,0
1.46,21.17,13.241183,0
1.46,21.18,13.238017,0
1.46,21.19,13.234857,0
1.46,21.2,13.231705,0
1.46,21.21,13.228559,0
1.46,21.22,13.22542,0
1.46,21.23,13.222288,0
1.46,21.24,13.219162,0
1.46,21.25,13.216044,0
1.46,21.26,13.212932,0
1.46,21.27,13.209827,0
1.46,21.28,13.206729,0
1.46,21.29,13.203638,0
1.46,21.3,13.200554,0
1.46,21.31,13.197476,0
1.46,21.32,13.194406,0
1.46,21.33,13.191342,0
1.46,21.34,13.188285,0
1.46,21.35,13.185235,0
1.46,21.36,13.182192,0
1.46,21.37,13.179156,0
1.46,21.38,13.176127,0
1.46,21.39,13.173104,0
1.46,21.4,13.170089,0
1.46,21.41,13.16708,0
1.46,21.42,13.164078,0
1.46,21.43,13.161083,0
1.46,21.44,13.158096,0
1.46,21.45,13.155115,0
1.46,21.46,13.152141,0
1.46,21.47,13.149174,0
1.45,21.48,13.145896,7
1.45,21.49,13.142553,0
1.45,21.5,13.139217,0
1.45,21.51,13.135887,0
1.45,21.52,13.132564,0
1.45,21.53,13.129248,0
1.45,21.54,13.125939,0
1.45,21.55,13.122637,0
1.45,21.56,13.119341,0
1.45,21.57,13.116052,0
1.45,21.58,13.11277,0
1.45,21.59,13.109495,0
1.45,21.6,13.106226,0
1.45,21.61,13.102965,0
1.45,21.62,13.09971,0
1.45,21.63,13.096462,0
1.45,21.64,13.093221,0
1.45,21.65,13.089986,0
1.45,21.66,13.086759,0
1.45,21.67,13.083538,0
1.45,21.68,13.080325,0
1.45,21.69,13.077118,0
1.45,21.7,13.073918,0
1.45,21.71,13.070724,0
1.45,21.72,13.067538,0
1.45,21.73,13.064359,0
1.45,21.74,13.061186,0
1.45,21.75,13.05802,0
1.45,21.76,13.054862,0
1.45,21.77,13.05171,0
1.45,21.78,13.048565,0
1.45,21.79,13.045427,0
1.45,21.8,13.042296,0
1.45,21.81,13.039171,0
1.45,21.82,13.036054,0
1.45,21.83,13.032944,0
1.45,21.84,13.02984,0
1.45,21.85,13.026744,0
1.45,21.86,13.023654,0
1.45,21.87,13.020571,0
1.45,21.88,13.017496,0
1.45,21.89,13.014427,0
1.45,21.9,13.011365,0
1.45,21.91,13.00831,0
1.45,21.92,13.005263,0
1.45,21.93,13.002222,0
1.45,21.94,12.999188,0
1.45,21.95,12.996161,0
1.45,21.96,12.993141,0
1.45,21.97,12.990128,0
1.45,21.98,12.987122,0
1.45,21.99,12.984123,0
1.45,22,12.981132,0
1.45,22.01,12.978147,0
1.45,22.02,12.975169,0
1.45,22.03,12.972198,0
1.45,22.04,12.969234,0
1.45,22.05,12.966278,0
1.45,22.06,12.963328,0
1.45,22.07,12.960385,0
1.45,22.08,12.95745,0
1.45,22.09,12.954521,0
1.45,22.1,12.951599,0
1.45,22.11,12.948685,0
1.45,22.12,12.945778,0
1.45,22.13,12.942877,0
1.45,22.14,12.939984,0
1.44,22.15,12.936934,7
1.44,22.16,12.933659,0
1.44,22.17,12.93039,0
1.44,22.18,12.927129,0
1.44,22.19,12.923875,0
1.44,22.2,12.920627,0
1.44,22.21,12.917386,0
1.44,22.22,12.914153,0
1.44,22.23,12.910926,0
1.44,22.24,12.907706,0
1.44,22.25,12.904493,0
1.44,22.26,12.901287,0
1.44,22.27,12.898088,0
1.44,22.28,12.894896,0
1.44,22.29,12.891711,0
1.44,22.3,12.888533,0
1.44,22.31,12.885362,0
1.44,22.32,12.882198,0
1.44,22.33,12.879041,0
1.44,22.34,12.875891,0
1.44,22.35,12.872748,0
1.44,22.36,12.869612,0
1.44,22.37,12.866483,0
1.44,22.38,12.86336,0
1.44,22.39,12.860245,0
1.44,22.4,12.857137,0
1.44,22.41,12.854036,0
1.44,22.42,12.850942,0
1.44,22.43,12.847855,0
1.44,22.44,12.844775,0
1.44,22.45,12.841703,0
1.44,22.46,12.838637,0
1.44,22.47,12.835578,0
1.44,22.48,12.832526,0
1.44,22.49,12.829482,0
1.44,22.5,12.826444,0
1.44,22.51,12.823414,0
1.44,22.52,12.82039,0
1.44,22.53,12.817374,0
1.44,22.54,12.814365,0
1.44,22.55,12.811363,0
1.44,22.56,12.808368,0
1.44,22.57,12.80538,0
1.44,22.58,12.802399,0
1.44,22.59,12.799425,0
1.44,22.6,12.796459,0
1.44,22.61,12.793499,0
1.44,22.62,12.790547,0
1.44,22.63,12.787602,0
1.44,22.64,12.784664,0
1.44,22.65,12.781733,0
1.44,22.66,12.778809,0
1.44,22.67,12.775893,0
1.44,22.68,12.772984,0
1.44,22.69,12.770081,0
1.44,22.7,12.767186,0
1.44,22.71,12.764299,0
1.44,22.72,12.761418,0
1.44,22.73,12.758544,0
1.44,22.74,12.755678,0
1.44,22.75,12.752819,0
1.44,22.76,12.749967,0
1.44,22.77,12.747122,0
1.44,22.78,12.744285,0
1.44,22.79,12.741455,0
1.44,22.8,12.738632,0
1.44,22.81,12.735816,0
1.43,22.82,12.733001,7
1.43,22.83,12.729797,0
1.43,22.84,12.726601,0
1.43,22.85,12.723411,0
1.43,22.86,12.720228,0
1.43,22.87,12.717053,0
1.43,22.88,12.713884,0
1.43,22.89,12.710723,0
1.43,22.9,12.707569,0
1.43,22.91,12.704421,0
1.43,22.92,12.701281,0
1.43,22.93,12.698148,0
1.43,22.94,12.695022,0
1.43,22.95,12.691903,0
1.43,22.96,12.688792,0
1.43,22.97,12.685687,0
1.43,22.98,12.68259,0
1.43,22.99,12.679499,0
1.43,23,12.676416,0
1.43,23.01,12.67334,0
1.43,23.02,12.670271,0
1.43,23.03,12.667209,0
1.43,23.04,12.664155,0
1.43,23.05,12.661107,0
1.43,23.06,12.658067,0
1.43,23.07,12.655034,0
1.43,23.08,12.652008,0
1.43,23.09,12.648989,0
1.43,23.1,12.645978,0
1.43,23.11,12.642973,0
1.43,23.12,12.639976,0
1.43,23.13,12.636986,0
1.43,23.14,12.634003,0
1.43,23.15,12.631028,0
1.43,23.16,12.62806,0
1.43,23.17,12.625098,0
1.43,23.18,12.622145,0
1.43,23.19,12.619198,0
1.43,23.2,12.616259,0
1.43,23.21,12.613326,0
1.43,23.22,12.610401,0
1.43,23.23,12.607484,0
1.43,23.24,12.604573,0
1.43,23.25,12.60167,0
1.43,23.26,12.598774,0
1.43,23.27,12.595886,0
1.43,23.28,12.593004,0
1.43,23.29,12.59013,0
1.43,23.3,12.587264,0
1.43,23.31,12.584404,0
1.43,23.32,12.581552,0
1.43,23.33,12.578707,0
1.43,23.34,12.57587,0
1.43,23.35,12.573039,0
1.43,23.36,12.570216,0
1.43,23.37,12.567401,0
1.43,23.38,12.564593,0
1.43,23.39,12.561792,0
1.43,23.4,12.558998,0
1.43,23.41,12.556212,0
1.43,23.42,12.553433,0
1.43,23.43,12.550661,0
1.43,23.44,12.547897,0
1.43,23.45,12.54514,0
1.43,23.46,12.542391,0
1.43,23.47,12.539649,0
1.43,23.48,12.536914,0
1.43,23.49,12.534187,0
1.42,23.5,12.531215,7
1.42,23.51,12.528093,0
1.42,23.52,12.524979,0
1.42,23.53,12.521872,0
1.42,23.54,12.518772,0
1.42,23.55,12.515679,0
1.42,23.56,12.512594,0
1.42,23.57,12.509516,0
1.42,23.58,12.506445,0
1.42,23.59,12.503381,0
1.42,23.6,12.500325,0
1.42,23.61,12.497275,0
1.42,23.62,12.494233,0
1.42,23.63,12.491199,0
1.42,23.64,12.488171,0
1.42,23.65,12.485151,0
1.42,23.66,12.482138,0
1.42,23.67,12.479132,0
1.42,23.68,12.476134,0
1.42,23.69,12.473143,0
1.42,23.7,12.470159,0
1.42,23.71,12.467183,0
1.42,23.72,12.464214,0
1.42,23.73,12.461252,0
1.42,23.74,12.458298,0
1.42,23.75,12.455351,0
1.42,23.76,12.452411,0
1.42,23.77,12.449478,0
1.42,23.78,12.446553,0
1.42,23.79,12.443635,0
1.42,23.8,12.440725,0
1.42,23.81,12.437822,0
1.42,23.82,12.434926,0
1.42,23.83,12.432038,0
1.42,23.84,12.429157,0
1.42,23.85,12.426284,0
1.42,23.86,12.423417,0
1.42,23.87,12.420559,0
1.42,23.88,12.417707,0
1.42,23.89,12.414863,0
1.42,23.9,12.412027,0
1.42,23.91,12.409197,0
1.42,23.92,12.406376,0
1.42,23.93,12.403561,0
1.42,23.94,12.400754,0
1.42,23.95,12.397955,0
1.42,23.96,12.395163,0
1.42,23.97,12.392378,0
1.42,23.98,12.389601,0
1.42,23.99,12.386831,0
1.42,24,12.384069,0
1.42,24.01,12.381314,0
1.42,24.02,12.378567,0
1.42,24.03,12.375827,0
1.42,24.04,12.373095,0
1.42,24.05,12.37037,0
1.42,24.06,12.367652,0
1.42,24.07,12.364942,0
1.42,24.08,12.36224,0
1.42,24.09,12.359545,0
1.42,24.1,12.356858,0
1.42,24.11,12.354178,0
1.42,24.12,12.351505,0
1.42,24.13,12.34884,0
1.42,24.14,12.346183,0
1.42,24.15,12.343533,0
1.42,24.16,12.340891,0
1.41,24.17,12.338166,7
1.41,24.18,12.335124,0
1.41,24.19,12.332089,0
1.41,24.2,12.329061,0
1.41,24.21,12.32604,0
1.41,24.22,12.323027,0
1.41,24.23,12.320021,0
1.41,24.24,12.317023,0
1.41,24.25,12.314032,0
1.41,24.26,12.311049,0
1.41,24.27,12.308073,0
1.41,24.28,12.305104,0
1.41,24.29,12.302142,0
1.41,24.3,12.299189,0
1.41,24.31,12.296242,0
1.41,24.32,12.293303,0
1.41,24.33,12.290371,0
1.41,24.34,12.287447,0
1.41,24.35,12.28453,0
1.41,24.36,12.281621,0
1.41,24.37,12.278719,0
1.41,24.38,12.275825,0
1.41,24.39,12.272938,0
1.41,24.4,12.270059,0
1.41,24.41,12.267187,0
1.41,24.42,12.264322,0
1.41,24.43,12.261465,0
1.41,24.44,12.258616,0
1.41,24.45,12.255774,0
1.41,24.46,12.252939,0
1.41,24.47,12.250112,0
1.41,24.48,12.247293,0
1.41,24.49,12.244481,0
1.41,24.5,12.241676,0
1.41,24.51,12.238879,0
1.41,24.52,12.23609,0
1.41,24.53,12.233308,0
1.41,24.54,12.230534,0
1.41,24.55,12.227767,0
1.41,24.56,12.225008,0
1.41,24.57,12.222256,0
1.41,24.58,12.219512,0
1.41,24.59,12.216776,0
1.41,24.6,12.214047,0
1.41,24.61,12.211326,0
1.41,24.62,12.208612,0
1.41,24.63,12.205906,0
1.41,24.64,12.203207,0
1.41,24.65,12.200516,0
1.41,24.66,12.197833,0
1.41,24.67,12.195157,0
1.41,24.68,12.192489,0
1.41,24.69,12.189828,0
1.41,24.7,12.187175,0
1.41,24.71,12.18453,0
1.41,24.72,12.181892,0
1.41,24.73,12.179262,0
1.41,24.74,12.17664,0
1.41,24.75,12.174025,0
1.41,24.76,12.171418,0
1.41,24.77,12.168819,0
1.41,24.78,12.166227,0
1.41,24.79,12.163643,0
1.41,24.8,12.161067,0
1.41,24.81,12.158498,0
1.41,24.82,12.155937,0
1.41,24.83,12.153384,0
1.41,24.84,12.150838,0
1.4,24.85,12.147955,7
1.4,24.86,12.145003,0
1.4,24.87,12.142059,0
1.4,24.88,12.139122,0
1.4,24.89,12.136192,0
1.4,24.9,12.13327,0
1.4,24.91,12.130356,0
1.4,24.92,12.127449,0
1.4,24.93,12.124549,0
1.4,24.94,12.121657,0
1.4,24.95,12.118773,0
1.4,24.96,12.115896,0
1.4,24.97,12.113027,0
1.4,24.98,12.110166,0
1.4,24.99,12.107312,0
1.4,25,12.104465,0
1.4,25.01,12.101626,0
1.4,25.02,12.098795,0
1.4,25.03,12.095972,0
1.4,25.04,12.093156,0
1.4,25.05,12.090347,0
1.4,25.06,12.087547,0
1.4,25.07,12.084753,0
1.4,25.08,12.081968,0
1.4,25.09,12.07919,0
1.4,25.1,12.07642,0
1.4,25.11,12.073657,0
1.4,25.12,12.070902,0
1.4,25.13,12.068155,0
1.4,25.14,12.065416,0
1.4,25.15,12.062684,0
1.4,25.16,12.059959,0
1.4,25.17,12.057243,0
1.4,25.18,12.054534,0
1.4,25.19,12.051833,0
1.4,25.2,12.049139,0
1.4,25.21,12.046453,0
1.4,25.22,12.043775,0
1.4,25.23,12.041105,0
1.4,25.24,12.038442,0
1.4,25.25,12.035787,0
1.4,25.26,12.03314,0
1.4,25.27,12.0305,0
1.4,25.28,12.027869,0
1.4,25.29,12.025245,0
1.4,25.3,12.022628,0
1.4,25.31,12.02002,0
1.4,25.32,12.017419,0
1.4,25.33,12.014826,0
1.4,25.34,12.012241,0
1.4,25.35,12.009663,0
1.4,25.36,12.007093,0
1.4,25.37,12.004532,0
1.4,25.38,12.001977,0
1.4,25.39,11.999431,0
1.4,25.4,11.996892,0
1.4,25.41,11.994362,0
1.4,25.42,11.991839,0
1.4,25.43,11.989324,0
1.4,25.44,11.986816,0
1.4,25.45,11.984317,0
1.4,25.46,11.981825,0
1.4,25.47,11.979341,0
1.4,25.48,11.976865,0
1.4,25.49,11.974397,0
1.4,25.5,11.971937,0
1.4,25.51,11.969484,0
1.39,25.52,11.966861,7
1.39,25.53,11.963996,0
1.39,25.54,11.961138,0
1.39,25.55,11.958289,0
1.39,25.56,11.955447,0
1.39,25.57,11.952612,0
1.39,25.58,11.949786,0
1.39,25.59,11.946967,0
1.39,25.6,11.944156,0
1.39,25.61,11.941352,0
1.39,25.62,11.938557,0
1.39,25.63,11.935768,0
1.39,25.64,11.932988,0
1.39,25.65,11.930216,0
1.39,25.66,11.927451,0
1.39,25.67,11.924694,0
1.39,25.68,11.921944,0
1.39,25.69,11.919203,0
1.39,25.7,11.916469,0
1.39,25.71,11.913743,0
1.39,25.72,11.911025,0
1.39,25.73,11.908314,0
1.39,25.74,11.905611,0
1.39,25.75,11.902916,0
1.39,25.76,11.900229,0
1.39,25.77,11.89755,0
1.39,25.78,11.894878,0
1.39,25.79,11.892215,0
1.39,25.8,11.889559,0
1.39,25.81,11.886911,0
1.39,25.82,11.88427,0
1.39,25.83,11.881638,0
1.39,25.84,11.879013,0
1.39,25.85,11.876397,0
1.39,25.86,11.873788,0
1.39,25.87,11.871187,0
1.39,25.88,11.868593,0
1.39,25.89,11.866008,0
1.39,25.9,11.86343,0
1.39,25.91,11.860861,0
1.39,25.92,11.858299,0
1.39,25.93,11.855745,0
1.39,25.94,11.853199,0
1.39,25.95,11.850661,0
1.39,25.96,11.848131,0
1.39,25.97,11.845609,0
1.39,25.98,11.843094,0
1.39,25.99,11.840588,0
1.39,26,11.838089,0
1.39,26.01,11.835599,0
1.39,26.02,11.833116,0
1.39,26.03,11.830641,0
1.39,26.04,11.828174,0
1.39,26.05,11.825715,0
1.39,26.06,11.823264,0
1.39,26.07,11.820821,0
1.39,26.08,11.818386,0
1.39,26.09,11.815959,0
1.39,26.1,11.81354,0
1.39,26.11,11.811129,0
1.39,26.12,11.808726,0
1.39,26.13,11.806331,0
1.39,26.14,11.803943,0
1.39,26.15,11.801564,0
1.39,26.16,11.799193,0
1.39,26.17,11.79683,0
1.39,26.18,11.794475,0
1.38,26.19,11.79212,7
1.38,26.2,11.789346,0
1.38,26.21,11.78658,0
1.38,26.22,11.783822,0
1.38,26.23,11.781072,0
1.38,26.24,11.778329,0
1.38,26.25,11.775595,0
1.38,26.26,11.772868,0
1.38,26.27,11.770149,0
1.38,26.28,11.767438,0
1.38,26.29,11.764735,0
1.38,26.3,11.76204,0
1.38,26.31,11.759353,0
1.38,26.32,11.756673,0
1.38,26.33,11.754002,0
1.38,26.34,11.751338,0
1.38,26.35,11.748683,0
1.38,26.36,11.746035,0
1.38,26.37,11.743395,0
1.38,26.38,11.740763,0
1.38,26.39,11.738139,0
1.38,26.4,11.735523,0
1.38,26.41,11.732915,0
1.38,26.42,11.730315,0
1.38,26.43,11.727722,0
1.38,26.44,11.725138,0
1.38,26.45,11.722562,0
1.38,26.46,11.719993,0
1.38,26.47,11.717433,0
1.38,26.48,11.714881,0
1.38,26.49,11.712336,0
1.38,26.5,11.7098,0
1.38,26.51,11.707271,0
1.38,26.52,11.704751,0
1.38,26.53,11.702238,0
1.38,26.54,11.699734,0
1.38,26.55,11.697238,0
1.38,26.56,11.694749,0
1.38,26.57,11.692269,0
1.38,26.58,11.689796,0
1.38,26.59,11.687332,0
1.38,26.6,11.684876,0
1.38,26.61,11.682428,0
1.38,26.62,11.679987,0
1.38,26.63,11.677555,0
1.38,26.64,11.675131,0
1.38,26.65,11.672715,0
1.38,26.66,11.670307,0
1.38,26.67,11.667907,0
1.38,26.68,11.665516,0
1.38,26.69,11.663132,0
1.38,26.7,11.660756,0
1.38,26.71,11.658389,0
1.38,26.72,11.656029,0
1.38,26.73,11.653678,0
1.38,26.74,11.651335,0
1.38,26.75,11.649,0
1.38,26.76,11.646673,0
1.38,26.77,11.644354,0
1.38,26.78,11.642043,0
1.38,26.79,11.63974,0
1.38,26.8,11.637446,0
1.38,26.81,11.63516,0
1.38,26.82,11.632881,0
1.38,26.83,11.630611,0
1.38,26.84,11.628349,0
1.38,26.85,11.626096,0
1.38,26.86,11.62385,0
1.37,26.87,11.62134,7
1.37,26.88,11.61867,0
1.37,26.89,11.616008,0
1.37,26.9,11.613354,0
1.37,26.91,11.610707,0
1.37,26.92,11.608069,0
1.37,26.93,11.605439,0
1.37,26.94,11.602817,0
1.37,26.95,11.600203,0
1.37,26.96,11.597597,0
1.37,26.97,11.594999,0
1.37,26.98,11.592409,0
1.37,26.99,11.589827,0
1.37,27,11.587253,0
1.37,27.01,11.584687,0
1.37,27.02,11.582129,0
1.37,27.03,11.57958,0
1.37,27.04,11.577038,0
1.37,27.05,11.574504,0
1.37,27.06,11.571979,0
1.37,27.07,11.569462,0
1.37,27.08,11.566952,0
1.37,27.09,11.564451,0
1.37,27.1,11.561958,0
1.37,27.11,11.559473,0
1.37,27.12,11.556997,0
1.37,27.13,11.554528,0
1.37,27.14,11.552067,0
1.37,27.15,11.549615,0
1.37,27.16,11.547171,0
1.37,27.17,11.544734,0
1.37,27.18,11.542306,0
1.37,27.19,11.539887,0
1.37,27.2,11.537475,0
1.37,27.21,11.535071,0
1.37,27.22,11.532676,0
1.37,27.23,11.530289,0
1.37,27.24,11.52791,0
1.37,27.25,11.525539,0
1.37,27.26,11.523177,0
1.37,27.27,11.520822,0
1.37,27.28,11.518476,0
1.37,27.29,11.516138,0
1.37,27.3,11.513808,0
1.37,27.31,11.511487,0
1.37,27.32,11.509173,0
1.37,27.33,11.506868,0
1.37,27.34,11.504571,0
1.37,27.35,11.502282,0
1.37,27.36,11.500002,0
1.37,27.37,11.49773,0
1.37,27.38,11.495466,0
1.37,27.39,11.49321,0
1.37,27.4,11.490963,0
1.37,27.41,11.488724,0
1.37,27.42,11.486493,0
1.37,27.43,11.48427,0
1.37,27.44,11.482056,0
1.37,27.45,11.47985,0
1.37,27.46,11.477652,0
1.37,27.47,11.475463,0
1.37,27.48,11.473281,0
1.37,27.49,11.471108,0
1.37,27.5,11.468944,0
1.37,27.51,11.466788,0
1.37,27.52,11.46464,0
1.37,27.53,11.4625,0
1.36,27.54,11.460271,7
1.36,27.55,11.457701,0
1.36,27.56,11.455139,0
1.36,27.57,11.452585,0
1.36,27.58,11.450039,0
1.36,27.59,11.447502,0
1.36,27.6,11.444973,0
1.36,27.61,11.442452,0
1.36,27.62,11.439939,0
1.36,27.63,11.437434,0
1.36,27.64,11.434937,0
1.36,27.65,11.432449,0
1.36,27.66,11.429969,0
1.36,27.67,11.427497,0
1.36,27.68,11.425033,0
1.36,27.69,11.422578,0
1.36,27.7,11.420131,0
1.36,27.71,11.417692,0
1.36,27.72,11.415261,0
1.36,27.73,11.412838,0
1.36,27.74,11.410424,0
1.36,27.75,11.408018,0
1.36,27.76,11.40562,0
1.36,27.77,11.403231,0
1.36,27.78,11.40085,0
1.36,27.79,11.398477,0
1.36,27.8,11.396112,0
1.36,27.81,11.393756,0
1.36,27.82,11.391408,0
1.36,27.83,11.389068,0
1.36,27.84,11.386736,0
1.36,27.85,11.384413,0
1.36,27.86,11.382098,0
1.36,27.87,11.379792,0
1.36,27.88,11.377494,0
1.36,27.89,11.375204,0
1.36,27.9,11.372922,0
1.36,27.91,11.370649,0
1.36,27.92,11.368384,0
1.36,27.93,11.366128,0
1.36,27.94,11.363879,0
1.36,27.95,11.361639,0
1.36,27.96,11.359408,0
1.36,27.97,11.357185,0
1.36,27.98,11.35497,0
1.36,27.99,11.352764,0
1.36,28,11.350566,0
1.36,28.01,11.348376,0
1.36,28.02,11.346195,0
1.36,28.03,11.344022,0
1.36,28.04,11.341858,0
1.36,28.05,11.339702,0
1.36,28.06,11.337554,0
1.36,28.07,11.335415,0
1.36,28.08,11.333284,0
1.36,28.09,11.331162,0
1.36,28.1,11.329048,0
1.36,28.11,11.326943,0
1.36,28.12,11.324846,0
1.36,28.13,11.322757,0
1.36,28.14,11.320677,0
1.36,28.15,11.318605,0
1.36,28.16,11.316542,0
1.36,28.17,11.314487,0
1.36,28.18,11.312441,0
1.36,28.19,11.310403,0
1.36,28.2,11.308374,0
1.36,28.21,11.306353,0
1.35,28.22,11.303969,7
1.35,28.23,11.301512,0
1.35,28.24,11.299063,0
1.35,28.25,11.296622,0
1.35,28.26,11.29419,0
1.35,28.27,11.291766,0
1.35,28.28,11.28935,0
1.35,28.29,11.286943,0
1.35,28.3,11.284544,0
1.35,28.31,11.282153,0
1.35,28.32,11.279771,0
1.35,28.33,11.277397,0
1.35,28.34,11.275032,0
1.35,28.35,11.272675,0
1.35,28.36,11.270326,0
1.35,28.37,11.267986,0
1.35,28.38,11.265654,0
1.35,28.39,11.26333,0
1.35,28.4,11.261015,0
1.35,28.41,11.258708,0
1.35,28.42,11.25641,0
1.35,28.43,11.25412,0
1.35,28.44,11.251838,0
1.35,28.45,11.249565,0
1.35,28.46,11.247301,0
1.35,28.47,11.245044,0
1.35,28.48,11.242797,0
1.35,28.49,11.240557,0
1.35,28.5,11.238326,0
1.35,28.51,11.236104,0
1.35,28.52,11.23389,0
1.35,28.53,11.231685,0
1.35,28.54,11.229487,0
1.35,28.55,11.227299,0
1.35,28.56,11.225119,0
1.35,28.57,11.222947,0
1.35,28.58,11.220784,0
1.35,28.59,11.21863,0
1.35,28.6,11.216484,0
1.35,28.61,11.214346,0
1.35,28.62,11.212217,0
1.35,28.63,11.210096,0
1.35,28.64,11.207984,0
1.35,28.65,11.205881,0
1.35,28.66,11.203786,0
1.35,28.67,11.201699,0
1.35,28.68,11.199622,0
1.35,28.69,11.197552,0
1.35,28.7,11.195491,0
1.35,28.71,11.193439,0
1.35,28.72,11.191395,0
1.35,28.73,11.18936,0
1.35,28.74,11.187334,0
1.35,28.75,11.185316,0
1.35,28.76,11.183306,0
1.35,28.77,11.181306,0
1.35,28.78,11.179313,0
1.35,28.79,11.17733,0
1.35,28.8,11.175355,0
1.35,28.81,11.173388,0
1.35,28.82,11.17143,0
1.35,28.83,11.169481,0
1.35,28.84,11.16754,0
1.35,28.85,11.165608,0
1.35,28.86,11.163685,0
1.35,28.87,11.16177,0
1.35,28.88,11.159864,0
1.34,28.89,11.157774,7
1.34,28.9,11.155426,0
1.34,28.91,11.153086,0
1.34,28.92,11.150755,0
1.34,28.93,11.148432,0
1.34,28.94,11.146118,0
1.34,28.95,11.143812,0
1.34,28.96,11.141515,0
1.34,28.97,11.139226,0
1.34,28.98,11.136946,0
1.34,28.99,11.134674,0
1.34,29,11.132411,0
1.34,29.01,11.130157,0
1.34,29.02,11.127911,0
1.34,29.03,11.125673,0
1.34,29.04,11.123444,0
1.34,29.05,11.121223,0
1.34,29.06,11.119011,0
1.34,29.07,11.116808,0
1.34,29.08,11.114613,0
1.34,29.09,11.112427,0
1.34,29.1,11.110249,0
1.34,29.11,11.10808,0
1.34,29.12,11.10592,0
1.34,29.13,11.103768,0
1.34,29.14,11.101624,0
1.34,29.15,11.09949,0
1.34,29.16,11.097364,0
1.34,29.17,11.095246,0
1.34,29.18,11.093137,0
1.34,29.19,11.091037,0
1.34,29.2,11.088945,0
1.34,29.21,11.086862,0
1.34,29.22,11.084787,0
1.34,29.23,11.082722,0
1.34,29.24,11.080664,0
1.34,29.25,11.078616,0
1.34,29.26,11.076576,0
1.34,29.27,11.074545,0
1.34,29.28,11.072522,0
1.34,29.29,11.070508,0
1.34,29.3,11.068503,0
1.34,29.31,11.066507,0
1.34,29.32,11.064519,0
1.34,29.33,11.062539,0
1.34,29.34,11.060569,0
1.34,29.35,11.058607,0
1.34,29.36,11.056654,0
1.34,29.37,11.05471,0
1.34,29.38,11.052774,0
1.34,29.39,11.050847,0
1.34,29.4,11.048929,0
1.34,29.41,11.047019,0
1.34,29.42,11.045118,0
1.34,29.43,11.043226,0
1.34,29.44,11.041343,0
1.34,29.45,11.039468,0
1.34,29.46,11.037602,0
1.34,29.47,11.035745,0
1.34,29.48,11.033896,0
1.34,29.49,11.032057,0
1.34,29.5,11.030226,0
1.34,29.51,11.028404,0
1.34,29.52,11.02659,0
1.34,29.53,11.024786,0
1.34,29.54,11.02299,0
1.34,29.55,11.021203,0
1.33,29.56,11.019415,7
1.33,29.57,11.01718,0
1.33,29.58,11.014955,0
1.33,29.59,11.012737,0
1.33,29.6,11.010529,0
1.33,29.61,11.008329,0
1.33,29.62,11.006137,0
1.33,29.63,11.003955,0
1.33,29.64,11.001781,0
1.33,29.65,10.999616,0
1.33,29.66,10.997459,0
1.33,29.67,10.995311,0
1.33,29.68,10.993172,0
1.33,29.69,10.991041,0
1.33,29.7,10.988919,0
1.33,29.71,10.986806,0
1.33,29.72,10.984701,0
1.33,29.73,10.982605,0
1.33,29.74,10.980518,0
1.33,29.75,10.97844,0
1.33,29.76,10.97637,0
1.33,29.77,10.974309,0
1.33,29.78,10.972257,0
1.33,29.79,10.970213,0
1.33,29.8,10.968178,0
1.33,29.81,10.966152,0
1.33,29.82,10.964135,0
1.33,29.83,10.962126,0
1.33,29.84,10.960127,0
1.33,29.85,10.958136,0
1.33,29.86,10.956153,0
1.33,29.87,10.95418,0
1.33,29.88,10.952215,0
1.33,29.89,10.950259,0
1.33,29.9,10.948312,0
1.33,29.91,10.946374,0
1.33,29.92,10.944444,0
1.33,29.93,10.942523,0
1.33,29.94,10.940611,0
1.33,29.95,10.938708,0
1.33,29.96,10.936814,0
1.33,29.97,10.934928,0
1.33,29.98,10.933051,0
1.33,29.99,10.931184,0
1.33,30,10.929324,0
1.33,30.01,10.927474,0
1.33,30.02,10.925633,0
1.33,30.03,10.9238,0
1.33,30.04,10.921977,0
1.33,30.05,10.920162,0
1.33,30.06,10.918356,0
1.33,30.07,10.916559,0
1.33,30.08,10.91477,0
1.33,30.09,10.912991,0
1.33,30.1,10.91122,0
1.33,30.11,10.909459,0
1.33,30.12,10.907706,0
1.33,30.13,10.905962,0
1.33,30.14,10.904227,0
1.33,30.15,10.902501,0
1.33,30.16,10.900784,0
1.33,30.17,10.899076,0
1.33,30.18,10.897376,0
1.33,30.19,10.895686,0
1.33,30.2,10.894004,0
1.33,30.21,10.892332,0
1.33,30.22,10.890668,0
1.33,30.23,10.889013,0
1.32,30.24,10.887075,7
1.32,30.25,10.884967,0
1.32,30.26,10.882868,0
1.32,30.27,10.880778,0
1.32,30.28,10.878697,0
1.32,30.29,10.876625,0
1.32,30.3,10.874561,0
1.32,30.31,10.872506,0
1.32,30.32,10.87046,0
1.32,30.33,10.868423,0
1.32,30.34,10.866395,0
1.32,30.35,10.864375,0
1.32,30.36,10.862364,0
1.32,30.37,10.860363,0
1.32,30.38,10.858369,0
1.32,30.39,10.856385,0
1.32,30.4,10.85441,0
1.32,30.41,10.852443,0
1.32,30.42,10.850486,0
1.32,30.43,10.848537,0
1.32,30.44,10.846597,0
1.32,30.45,10.844666,0
1.32,30.46,10.842744,0
1.32,30.47,10.840831,0
1.32,30.48,10.838926,0
1.32,30.49,10.837031,0
1.32,30.5,10.835144,0
1.32,30.51,10.833266,0
1.32,30.52,10.831398,0
1.32,30.53,10.829538,0
1.32,30.54,10.827687,0
1.32,30.55,10.825845,0
1.32,30.56,10.824012,0
1.32,30.57,10.822188,0
1.32,30.58,10.820372,0
1.32,30.59,10.818566,0
1.32,30.6,10.816769,0
1.32,30.61,10.81498,0
1.32,30.62,10.813201,0
1.32,30.63,10.81143,0
1.32,30.64,10.809669,0
1.32,30.65,10.807916,0
1.32,30.66,10.806173,0
1.32,30.67,10.804438,0
1.32,30.68,10.802712,0
1.32,30.69,10.800996,0
1.32,30.7,10.799288,0
1.32,30.71,10.797589,0
1.32,30.72,10.795899,0
1.32,30.73,10.794219,0
1.32,30.74,10.792547,0
1.32,30.75,10.790884,0
1.32,30.76,10.789231,0
1.32,30.77,10.787586,0
1.32,30.78,10.78595,0
1.32,30.79,10.784324,0
1.32,30.8,10.782706,0
1.32,30.81,10.781098,0
1.32,30.82,10.779498,0
1.32,30.83,10.777908,0
1.32,30.84,10.776326,0
1.32,30.85,10.774754,0
1.32,30.86,10.773191,0
1.32,30.87,10.771636,0
1.32,30.88,10.770091,0
1.32,30.89,10.768555,0
1.32,30.9,10.767028,0
1.31,30.91,10.765404,7
1.31,30.92,10.763419,0
1.31,30.93,10.761443,0
1.31,30.94,10.759476,0
1.31,30.95,10.757518,0
1.31,30.96,10.755569,0
1.31,30.97,10.753629,0
1.31,30.98,10.751697,0
1.31,30.99,10.749775,0
1.31,31,10.747862,0
1.31,31.01,10.745957,0
1.31,31.02,10.744062,0
1.31,31.03,10.742175,0
1.31,31.04,10.740298,0
1.31,31.05,10.738429,0
1.31,31.06,10.73657,0
1.31,31.07,10.734719,0
1.31,31.08,10.732878,0
1.31,31.09,10.731045,0
1.31,31.1,10.729222,0
1.31,31.11,10.727407,0
1.31,31.12,10.725602,0
1.31,31.13,10.723805,0
1.31,31.14,10.722018,0
1.31,31.15,10.72024,0
1.31,31.16,10.71847,0
1.31,31.17,10.71671,0
1.31,31.18,10.714959,0
1.31,31.19,10.713216,0
1.31,31.2,10.711483,0
1.31,31.21,10.709759,0
1.31,31.22,10.708044,0
1.31,31.23,10.706338,0
1.31,31.24,10.704641,0
1.31,31.25,10.702953,0
1.31,31.26,10.701275,0
1.31,31.27,10.699605,0
1.31,31.28,10.697944,0
1.31,31.29,10.696293,0
1.31,31.3,10.69465,0
1.31,31.31,10.693017,0
1.31,31.32,10.691393,0
1.31,31.33,10.689778,0
1.31,31.34,10.688172,0
1.31,31.35,10.686575,0
1.31,31.36,10.684987,0
1.31,31.37,10.683408,0
1.31,31.38,10.681839,0
1.31,31.39,10.680279,0
1.31,31.4,10.678727,0
1.31,31.41,10.677185,0
1.31,31.42,10.675652,0
1.31,31.43,10.674129,0
1.31,31.44,10.672614,0
1.31,31.45,10.671108,0
1.31,31.46,10.669612,0
1.31,31.47,10.668125,0
1.31,31.48,10.666647,0
1.31,31.49,10.665178,0
1.31,31.5,10.663718,0
1.31,31.51,10.662268,0
1.31,31.52,10.660827,0
1.31,31.53,10.659395,0
1.31,31.54,10.657972,0
1.31,31.55,10.656558,0
1.31,31.56,10.655153,0
1.31,31.57,10.653758,0
1.31,31.58,10.652372,0
1.3,31.59,10.650599,7
1.3,31.6,10.64875,0
1.3,31.61,10.646911,0
1.3,31.62,10.64508,0
1.3,31.63,10.643258,0
1.3,31.64,10.641446,0
1.3,31.65,10.639642,0
1.3,31.66,10.637848,0
1.3,31.67,10.636063,0
1.3,31.68,10.634287,0
1.3,31.69,10.63252,0
1.3,31.7,10.630762,0
1.3,31.71,10.629013,0
1.3,31.72,10.627273,0
1.3,31.73,10.625543,0
1.3,31.74,10.623821,0
1.3,31.75,10.622109,0
1.3,31.76,10.620406,0
1.3,31.77,10.618712,0
1.3,31.78,10.617027,0
1.3,31.79,10.615351,0
1.3,31.8,10.613685,0
1.3,31.81,10.612027,0
1.3,31.82,10.610379,0
1.3,31.83,10.60874,0
1.3,31.84,10.60711,0
1.3,31.85,10.605489,0
1.3,31.86,10.603878,0
1.3,31.87,10.602276,0
1.3,31.88,10.600683,0
1.3,31.89,10.599099,0
1.3,31.9,10.597524,0
1.3,31.91,10.595958,0
1.3,31.92,10.594402,0
1.3,31.93,10.592855,0
1.3,31.94,10.591317,0
1.3,31.95,10.589788,0
1.3,31.96,10.588269,0
1.3,31.97,10.586759,0
1.3,31.98,10.585258,0
1.3,31.99,10.583766,0
1.3,32,10.582283,0
1.3,32.01,10.58081,0
1.3,32.02,10.579346,0
1.3,32.03,10.577891,0
1.3,32.04,10.576446,0
1.3,32.05,10.575009,0
1.3,32.06,10.573582,0
1.3,32.07,10.572165,0
1.3,32.08,10.570756,0
1.3,32.09,10.569357,0
1.3,32.1,10.567967,0
1.3,32.11,10.566587,0
1.3,32.12,10.565215,0
1.3,32.13,10.563853,0
1.3,32.14,10.5625,0
1.3,32.15,10.561157,0
1.3,32.16,10.559823,0
1.3,32.17,10.558498,0
1.3,32.18,10.557182,0
1.3,32.19,10.555876,0
1.3,32.2,10.554579,0
1.3,32.21,10.553291,0
1.3,32.22,10.552013,0
1.3,32.23,10.550744,0
1.3,32.24,10.549485,0
1.3,32.25,10.548234,0
1.29,32.26,10.546787,7
1.29,32.27,10.54507,0
1.29,32.28,10.543362,0
1.29,32.29,10.541663,0
1.29,32.3,10.539973,0
1.29,32.31,10.538292,0
1.29,32.32,10.536621,0
1.29,32.33,10.534958,0
1.29,32.34,10.533305,0
1.29,32.35,10.531662,0
1.29,32.36,10.530027,0
1.29,32.37,10.528402,0
1.29,32.38,10.526786,0
1.29,32.39,10.525179,0
1.29,32.4,10.523582,0
1.29,32.41,10.521993,0
1.29,32.42,10.520414,0
1.29,32.43,10.518845,0
1.29,32.44,10.517284,0
1.29,32.45,10.515733,0
1.29,32.46,10.514191,0
1.29,32.47,10.512659,0
1.29,32.48,10.511135,0
1.29,32.49,10.509621,0
1.29,32.5,10.508117,0
1.29,32.51,10.506621,0
1.29,32.52,10.505135,0
1.29,32.53,10.503658,0
1.29,32.54,10.502191,0
1.29,32.55,10.500733,0
1.29,32.56,10.499284,0
1.29,32.57,10.497845,0
1.29,32.58,10.496414,0
1.29,32.59,10.494994,0
1.29,32.6,10.493582,0
1.29,32.61,10.49218,0
1.29,32.62,10.490787,0
1.29,32.63,10.489404,0
1.29,32.64,10.488029,0
1.29,32.65,10.486665,0
1.29,32.66,10.485309,0
1.29,32.67,10.483963,0
1.29,32.68,10.482627,0
1.29,32.69,10.481299,0
1.29,32.7,10.479981,0
1.29,32.71,10.478673,0
1.29,32.72,10.477374,0
1.29,32.73,10.476084,0
1.29,32.74,10.474804,0
1.29,32.75,10.473533,0
1.29,32.76,10.472271,0
1.29,32.77,10.471019,0
1.29,32.78,10.469776,0
1.29,32.79,10.468542,0
1.29,32.8,10.467319,0
1.29,32.81,10.466104,0
1.29,32.82,10.464899,0
1.29,32.83,10.463703,0
1.29,32.84,10.462517,0
1.29,32.85,10.46134,0
1.29,32.86,10.460172,0
1.29,32.87,10.459014,0
1.29,32.88,10.457866,0
1.29,32.89,10.456726,0
1.29,32.9,10.455597,0
1.29,32.91,10.454476,0
1.29,32.92,10.453366,0
1.28,32.93,10.452252,7
1.28,32.94,10.45067,0
1.28,32.95,10.449097,0
1.28,32.96,10.447534,0
1.28,32.97,10.44598,0
1.28,32.98,10.444435,0
1.28,32.99,10.4429,0
1.28,33,10.441373,0
1.28,33.01,10.439857,0
1.28,33.02,10.438349,0
1.28,33.03,10.436851,0
1.28,33.04,10.435363,0
1.28,33.05,10.433883,0
1.28,33.06,10.432413,0
1.28,33.07,10.430953,0
1.28,33.08,10.429502,0
1.28,33.09,10.42806,0
1.28,33.1,10.426628,0
1.28,33.11,10.425205,0
1.28,33.12,10.423791,0
1.28,33.13,10.422387,0
1.28,33.14,10.420992,0
1.28,33.15,10.419607,0
1.28,33.16,10.418231,0
1.28,33.17,10.416864,0
1.28,33.18,10.415507,0
1.28,33.19,10.414159,0
1.28,33.2,10.412821,0
1.28,33.21,10.411492,0
1.28,33.22,10.410173,0
1.28,33.23,10.408863,0
1.28,33.24,10.407563,0
1.28,33.25,10.406272,0
1.28,33.26,10.40499,0
1.28,33.27,10.403718,0
1.28,33.28,10.402455,0
1.28,33.29,10.401202,0
1.28,33.3,10.399958,0
1.28,33.31,10.398724,0
1.28,33.32,10.397499,0
1.28,33.33,10.396284,0
1.28,33.34,10.395078,0
1.28,33.35,10.393881,0
1.28,33.36,10.392695,0
1.28,33.37,10.391517,0
1.28,33.38,10.390349,0
1.28,33.39,10.389191,0
1.28,33.4,10.388042,0
1.28,33.41,10.386902,0
1.28,33.42,10.385772,0
1.28,33.43,10.384652,0
1.28,33.44,10.383541,0
1.28,33.45,10.38244,0
1.28,33.46,10.381348,0
1.28,33.47,10.380265,0
1.28,33.48,10.379193,0
1.28,33.49,10.378129,0
1.28,33.5,10.377076,0
1.28,33.51,10.376031,0
1.28,33.52,10.374997,0
1.28,33.53,10.373971,0
1.28,33.54,10.372956,0
1.28,33.55,10.37195,0
1.28,33.56,10.370953,0
1.28,33.57,10.369966,0
1.28,33.58,10.368989,0
1.28,33.59,10.368021,0
1.28,33.6,10.367062,0
1.27,33.61,10.365805,7
1.27,33.62,10.364371,0
1.27,33.63,10.362947,0
1.27,33.64,10.361532,0
1.27,33.65,10.360127,0
1.27,33.66,10.358731,0
1.27,33.67,10.357345,0
1.27,33.68,10.355968,0
1.27,33.69,10.354601,0
1.27,33.7,10.353243,0
1.27,33.71,10.351895,0
1.27,33.72,10.350556,0
1.27,33.73,10.349227,0
1.27,33.74,10.347907,0
1.27,33.75,10.346596,0
1.27,33.76,10.345295,0
1.27,33.77,10.344004,0
1.27,33.78,10.342722,0
1.27,33.79,10.34145,0
1.27,33.8,10.340187,0
1.27,33.81,10.338934,0
1.27,33.82,10.33769,0
1.27,33.83,10.336456,0
1.27,33.84,10.335231,0
1.27,33.85,10.334016,0
1.27,33.86,10.33281,0
1.27,33.87,10.331614,0
1.27,33.88,10.330427,0
1.27,33.89,10.32925,0
1.27,33.9,10.328082,0
1.27,33.91,10.326925,0
1.27,33.92,10.325776,0
1.27,33.93,10.324637,0
1.27,33.94,10.323508,0
1.27,33.95,10.322388,0
1.27,33.96,10.321278,0
1.27,33.97,10.320177,0
1.27,33.98,10.319086,0
1.27,33.99,10.318005,0
1.27,34,10.316933,0
1.27,34.01,10.315871,0
1.27,34.02,10.314818,0
1.27,34.03,10.313775,0
1.27,34.04,10.312741,0
1.27,34.05,10.311718,0
1.27,34.06,10.310703,0
1.27,34.07,10.309698,0
1.27,34.08,10.308703,0
1.27,34.09,10.307718,0
1.27,34.1,10.306742,0
1.27,34.11,10.305776,0
1.27,34.12,10.304819,0
1.27,34.13,10.303872,0
1.27,34.14,10.302934,0
1.27,34.15,10.302007,0
1.27,34.16,10.301088,0
1.27,34.17,10.30018,0
1.27,34.18,10.299281,0
1.27,34.19,10.298392,0
1.27,34.2,10.297512,0
1.27,34.21,10.296642,0
1.27,34.22,10.295781,0
1.27,34.23,10.294931,0
1.27,34.24,10.294089,0
1.27,34.25,10.293258,0
1.27,34.26,10.292436,0
1.27,34.27,10.291624,0
1.26,34.28,10.290709,7
1.26,34.29,10.289419,0
1.26,34.3,10.288137,0
1.26,34.31,10.286866,0
1.26,34.32,10.285604,0
1.26,34.33,10.284351,0
1.26,34.34,10.283108,0
1.26,34.35,10.281875,0
1.26,34.36,10.280651,0
1.26,34.37,10.279437,0
1.26,34.38,10.278232,0
1.26,34.39,10.277037,0
1.26,34.4,10.275852,0
1.26,34.41,10.274676,0
1.26,34.42,10.27351,0
1.26,34.43,10.272353,0
1.26,34.44,10.271206,0
1.26,34.45,10.270068,0
1.26,34.46,10.268941,0
1.26,34.47,10.267822,0
1.26,34.48,10.266714,0
1.26,34.49,10.265615,0
1.26,34.5,10.264526,0
1.26,34.51,10.263446,0
1.26,34.52,10.262376,0
1.26,34.53,10.261315,0
1.26,34.54,10.260265,0
1.26,34.55,10.259223,0
1.26,34.56,10.258192,0
1.26,34.57,10.25717,0
1.26,34.58,10.256158,0
1.26,34.59,10.255155,0
1.26,34.6,10.254162,0
1.26,34.61,10.253179,0
1.26,34.62,10.252205,0
1.26,34.63,10.251241,0
1.26,34.64,10.250287,0
1.26,34.65,10.249343,0
1.26,34.66,10.248408,0
1.26,34.67,10.247482,0
1.26,34.68,10.246567,0
1.26,34.69,10.245661,0
1.26,34.7,10.244765,0
1.26,34.71,10.243878,0
1.26,34.72,10.243001,0
1.26,34.73,10.242134,0
1.26,34.74,10.241276,0
1.26,34.75,10.240429,0
1.26,34.76,10.239591,0
1.26,34.77,10.238762,0
1.26,34.78,10.237944,0
1.26,34.79,10.237135,0
1.26,34.8,10.236335,0
1.26,34.81,10.235546,0
1.26,34.82,10.234766,0
1.26,34.83,10.233996,0
1.26,34.84,10.233235,0
1.26,34.85,10.232484,0
1.26,34.86,10.231743,0
1.26,34.87,10.231012,0
1.26,34.88,10.230291,0
1.26,34.89,10.229579,0
1.26,34.9,10.228877,0
1.26,34.91,10.228184,0
1.26,34.92,10.227502,0
1.26,34.93,10.226829,0
1.26,34.94,10.226165,0
1.26,34.95,10.225512,0
1.25,34.96,10.224454,7
1.25,34.97,10.223319,0
1.25,34.98,10.222194,0
1.25,34.99,10.221078,0
1.25,35,10.219972,0
1.25,35.01,10.218876,0
1.25,35.02,10.217789,0
1.25,35.03,10.216712,0
1.25,35.04,10.215644,0
1.25,35.05,10.214586,0
1.25,35.06,10.213538,0
1.25,35.07,10.2125,0
1.25,35.08,10.211471,0
1.25,35.09,10.210452,0
1.25,35.1,10.209443,0
1.25,35.11,10.208443,0
1.25,35.12,10.207453,0
1.25,35.13,10.206473,0
1.25,35.14,10.205502,0
1.25,35.15,10.204542,0
1.25,35.16,10.203591,0
1.25,35.17,10.202649,0
1.25,35.18,10.201717,0
1.25,35.19,10.200795,0
1.25,35.2,10.199883,0
1.25,35.21,10.198981,0
1.25,35.22,10.198088,0
1.25,35.23,10.197205,0
1.25,35.24,10.196331,0
1.25,35.25,10.195468,0
1.25,35.26,10.194614,0
1.25,35.27,10.19377,0
1.25,35.28,10.192935,0
1.25,35.29,10.192111,0
1.25,35.3,10.191296,0
1.25,35.31,10.190491,0
1.25,35.32,10.189695,0
1.25,35.33,10.18891,0
1.25,35.34,10.188134,0
1.25,35.35,10.187368,0
1.25,35.36,10.186611,0
1.25,35.37,10.185865,0
1.25,35.38,10.185128,0
1.25,35.39,10.184401,0
1.25,35.4,10.183683,0
1.25,35.41,10.182976,0
1.25,35.42,10.182278,0
1.25,35.43,10.18159,0
1.25,35.44,10.180912,0
1.25,35.45,10.180243,0
1.25,35.46,10.179585,0
1.25,35.47,10.178936,0
1.25,35.48,10.178297,0
1.25,35.49,10.177667,0
1.25,35.5,10.177048,0
1.25,35.51,10.176438,0
1.25,35.52,10.175838,0
1.25,35.53,10.175248,0
1.25,35.54,10.174668,0
1.25,35.55,10.174097,0
1.25,35.56,10.173536,0
1.25,35.57,10.172985,0
1.25,35.58,10.172444,0
1.25,35.59,10.171913,0
1.25,35.6,10.171391,0
1.25,35.61,10.170879,0
1.25,35.62,10.170377,0
1.24,35.63,10.16967,7
1.24,35.64,10.168684,0
1.24,35.65,10.167708,0
1.24,35.66,10.166741,0
1.24,35.67,10.165784,0
1.24,35.68,10.164837,0
1.24,35.69,10.1639,0
1.24,35.7,10.162972,0
1.24,35.71,10.162054,0
1.24,35.72,10.161146,0
1.24,35.73,10.160247,0
1.24,35.74,10.159359,0
1.24,35.75,10.15848,0
1.24,35.76,10.157611,0
1.24,35.77,10.156752,0
1.24,35.78,10.155902,0
1.24,35.79,10.155062,0
1.24,35.8,10.154232,0
1.24,35.81,10.153412,0
1.24,35.82,10.152601,0
1.24,35.83,10.151801,0
1.24,35.84,10.15101,0
1.24,35.85,10.150229,0
1.24,35.86,10.149458,0
1.24,35.87,10.148696,0
1.24,35.88,10.147944,0
1.24,35.89,10.147203,0
1.24,35.9,10.14647,0
1.24,35.91,10.145748,0
1.24,35.92,10.145036,0
1.24,35.93,10.144333,0
1.24,35.94,10.14364,0
1.24,35.95,10.142957,0
1.24,35.96,10.142284,0
1.24,35.97,10.14162,0
1.24,35.98,10.140967,0
1.24,35.99,10.140323,0
1.24,36,10.139689,0
1.24,36.01,10.139065,0
1.24,36.02,10.138451,0
1.24,36.03,10.137846,0
1.24,36.04,10.137251,0
1.24,36.05,10.136667,0
1.24,36.06,10.136092,0
1.24,36.07,10.135527,0
1.24,36.08,10.134971,0
1.24,36.09,10.134426,0
1.24,36.1,10.13389,0
1.24,36.11,10.133364,0
1.24,36.12,10.132848,0
1.24,36.13,10.132342,0
1.24,36.14,10.131846,0
1.24,36.15,10.131359,0
1.24,36.16,10.130883,0
1.24,36.17,10.130416,0
1.24,36.18,10.129959,0
1.24,36.19,10.129512,0
1.24,36.2,10.129075,0
1.24,36.21,10.128648,0
1.24,36.22,10.12823,0
1.24,36.23,10.127823,0
1.24,36.24,10.127425,0
1.24,36.25,10.127037,0
1.24,36.26,10.126659,0
1.24,36.27,10.126291,0
1.24,36.28,10.125932,0
1.24,36.29,10.125584,0
1.23,36.3,10.125232,7
1.23,36.31,10.124397,0
1.23,36.32,10.123572,0
1.23,36.33,10.122757,0
1.23,36.34,10.121951,0
1.23,36.35,10.121156,0
1.23,36.36,10.12037,0
1.23,36.37,10.119594,0
1.23,36.38,10.118828,0
1.23,36.39,10.118072,0
1.23,36.4,10.117326,0
1.23,36.41,10.116589,0
1.23,36.42,10.115863,0
1.23,36.43,10.115146,0
1.23,36.44,10.114439,0
1.23,36.45,10.113742,0
1.23,36.46,10.113054,0
1.23,36.47,10.112377,0
1.23,36.48,10.111709,0
1.23,36.49,10.111051,0
1.23,36.5,10.110403,0
1.23,36.51,10.109765,0
1.23,36.52,10.109137,0
1.23,36.53,10.108518,0
1.23,36.54,10.10791,0
1.23,36.55,10.107311,0
1.23,36.56,10.106722,0
1.23,36.57,10.106143,0
1.23,36.58,10.105574,0
1.23,36.59,10.105015,0
1.23,36.6,10.104465,0
1.23,36.61,10.103926,0
1.23,36.62,10.103396,0
1.23,36.63,10.102876,0
1.23,36.64,10.102367,0
1.23,36.65,10.101866,0
1.23,36.66,10.101376,0
1.23,36.67,10.100896,0
1.23,36.68,10.100426,0
1.23,36.69,10.099965,0
1.23,36.7,10.099514,0
1.23,36.71,10.099074,0
1.23,36.72,10.098643,0
1.23,36.73,10.098222,0
1.23,36.74,10.097811,0
1.23,36.75,10.097409,0
1.23,36.76,10.097018,0
1.23,36.77,10.096637,0
1.23,36.78,10.096265,0
1.23,36.79,10.095903,0
1.23,36.8,10.095552,0
1.23,36.81,10.09521,0
1.23,36.82,10.094878,0
1.23,36.83,10.094556,0
1.23,36.84,10.094243,0
1.23,36.85,10.093941,0
1.23,36.86,10.093649,0
1.23,36.87,10.093366,0
1.23,36.88,10.093093,0
1.23,36.89,10.092831,0
1.23,36.9,10.092578,0
1.23,36.91,10.092335,0
1.23,36.92,10.092102,0
1.23,36.93,10.091879,0
1.23,36.94,10.091666,0
1.23,36.95,10.091462,0
1.23,36.96,10.091269,0
1.23,36.97,10.091086,0
1.22,36.98,10.090593,7
1.22,36.99,10.089922,0
1.22,37,10.08926,0
1.22,37.01,10.088609,0
1.22,37.02,10.087967,0
1.22,37.03,10.087335,0
1.22,37.04,10.086713,0
1.22,37.05,10.086101,0
1.22,37.06,10.085498,0
1.22,37.07,10.084906,0
1.22,37.08,10.084324,0
1.22,37.09,10.083751,0
1.22,37.1,10.083188,0
1.22,37.11,10.082635,0
1.22,37.12,10.082092,0
1.22,37.13,10.081559,0
1.22,37.14,10.081036,0
1.22,37.15,10.080523,0
1.22,37.16,10.080019,0
1.22,37.17,10.079526,0
1.22,37.18,10.079042,0
1.22,37.19,10.078568,0
1.22,37.2,10.078104,0
1.22,37.21,10.07765,0
1.22,37.22,10.077206,0
1.22,37.23,10.076772,0
1.22,37.24,10.076348,0
1.22,37.25,10.075934,0
1.22,37.26,10.075529,0
1.22,37.27,10.075135,0
1.22,37.28,10.07475,0
1.22,37.29,10.074376,0
1.22,37.3,10.074011,0
1.22,37.31,10.073656,0
1.22,37.32,10.073311,0
1.22,37.33,10.072976,0
1.22,37.34,10.072651,0
1.22,37.35,10.072336,0
1.22,37.36,10.072031,0
1.22,37.37,10.071735,0
1.22,37.38,10.07145,0
1.22,37.39,10.071174,0
1.22,37.4,10.070909,0
1.22,37.41,10.070653,0
1.22,37.42,10.070407,0
1.22,37.43,10.070171,0
1.22,37.44,10.069946,0
1.22,37.45,10.06973,0
1.22,37.46,10.069524,0
1.22,37.47,10.069327,0
1.22,37.48,10.069141,0
1.22,37.49,10.068965,0
1.22,37.5,10.068799,0
1.22,37.51,10.068642,0
1.22,37.52,10.068496,0
1.22,37.53,10.068359,0
1.22,37.54,10.068233,0
1.22,37.55,10.068116,0
1.22,37.56,10.068009,0
1.22,37.57,10.067913,0
1.22,37.58,10.067826,0
1.22,37.59,10.067749,0
1.22,37.6,10.067682,0
1.22,37.61,10.067625,0
1.22,37.62,10.067577,0
1.22,37.63,10.06754,0
1.22,37.64,10.067513,0
1.21,37.65,10.067379,7
1.21,37.66,10.066863,0
1.21,37.67,10.066357,0
1.21,37.68,10.06586,0
1.21,37.69,10.065374,0
1.21,37.7,10.064897,0
1.21,37.71,10.06443,0
1.21,37.72,10.063973,0
1.21,37.73,10.063526,0
1.21,37.74,10.063089,0
1.21,37.75,10.062662,0
1.21,37.76,10.062245,0
1.21,37.77,10.061838,0
1.21,37.78,10.061441,0
1.21,37.79,10.061053,0
1.21,37.8,10.060676,0
1.21,37.81,10.060308,0
1.21,37.82,10.05995,0
1.21,37.83,10.059603,0
1.21,37.84,10.059265,0
1.21,37.85,10.058937,0
1.21,37.86,10.058619,0
1.21,37.87,10.058311,0
1.21,37.88,10.058013,0
1.21,37.89,10.057725,0
1.21,37.9,10.057447,0
1.21,37.91,10.057179,0
1.21,37.92,10.05692,0
1.21,37.93,10.056672,0
1.21,37.94,10.056434,0
1.21,37.95,10.056205,0
1.21,37.96,10.055986,0
1.21,37.97,10.055778,0
1.21,37.98,10.055579,0
1.21,37.99,10.05539,0
1.21,38,10.055212,0
1.21,38.01,10.055043,0
1.21,38.02,10.054884,0
1.21,38.03,10.054735,0
1.21,38.04,10.054596,0
1.21,38.05,10.054467,0
1.21,38.06,10.054348,0
1.21,38.07,10.054238,0
1.21,38.08,10.054139,0
1.21,38.09,10.05405,0
1.21,38.1,10.053971,0
1.21,38.11,10.053901,0
1.21,38.12,10.053842,0
1.21,38.13,10.053792,0
1.21,38.14,10.053753,0
1.21,38.15,10.053723,0
1.21,38.16,10.053703,0
1.21,38.17,10.053694,0
1.21,38.18,10.053694,0
1.21,38.17,10.053694,
